ts,phase,provider,circuit,shots,rep,est_usd,status
2026-08-16T13:50:10,1,ibm,fair_w3_d8,1000,1,0.0,submitted
2026-08-16T13:50:23,1,ibm,fair_w3_d16,1000,1,0.0,submitted
2026-08-16T13:50:34,1,ibm,fair_w3_d32,1000,1,0.0,submitted
2026-08-16T13:50:43,1,ibm,fair_w8_d8,1000,1,0.0,submitted
2026-08-16T13:50:50,1,ibm,fair_w8_d16,1000,1,0.0,submitted
2026-08-16T13:51:02,1,ibm,fair_w8_d32,4000,1,0.0,submitted
2026-08-16T13:51:09,1,ibm,fair_w12_d8,1000,1,0.0,submitted
2026-08-16T13:51:22,1,ibm,fair_w12_d16,1000,1,0.0,submitted
2026-08-16T13:51:28,1,ibm,fair_w12_d32,4000,1,0.0,submitted
2026-08-16T13:53:40,1,ibm,ghz_w3,1000,1,0.0,submitted
2026-08-16T13:56:13,1,ibm,ghz_w8,1000,1,0.0,submitted
2026-08-16T13:56:23,1,ibm,ghz_w12,1000,1,0.0,submitted
2026-08-16T13:57:00,1,ibm,fair_w3_d8,1000,2,0.0,submitted
2026-08-16T14:08:42,1,ibm,fair_w3_d16,1000,2,0.0,submitted
2026-08-16T14:08:50,1,ibm,fair_w3_d32,1000,2,0.0,submitted
2026-08-16T14:09:01,1,ibm,fair_w8_d8,1000,2,0.0,submitted
2026-08-16T14:12:45,1,ibm,fair_w8_d16,1000,2,0.0,submitted
2026-08-16T14:12:56,1,ibm,fair_w8_d32,4000,2,0.0,submitted
2026-08-16T14:13:17,1,ibm,fair_w12_d8,1000,2,0.0,submitted
2026-08-16T14:20:56,1,ibm,fair_w12_d16,1000,2,0.0,submitted
2026-08-16T14:26:47,1,ibm,fair_w12_d32,4000,2,0.0,submitted
2026-08-16T14:27:04,1,ibm,ghz_w3,1000,2,0.0,submitted
2026-08-16T14:27:36,3,braket_iqm_garnet,fair_w8_d8,1000,1,1.8333,submitted
2026-08-16T14:27:38,2,braket_rigetti,fair_w3_d8,1000,1,0.75,submitted
2026-08-16T14:27:56,2,braket_rigetti,fair_w3_d16,1000,1,0.75,submitted
2026-08-16T14:28:15,2,braket_rigetti,fair_w3_d32,1000,1,0.75,submitted
2026-08-16T14:28:23,4,azure_ionq,fair_w3_d8,1000,1,47.28,submitted
2026-08-16T14:28:35,2,braket_rigetti,fair_w8_d8,1000,1,0.75,submitted
2026-08-16T14:28:54,2,braket_rigetti,fair_w8_d16,1000,1,0.75,submitted
2026-08-16T14:29:14,2,braket_rigetti,fair_w8_d32,1000,1,0.75,submitted
2026-08-16T14:29:35,2,braket_rigetti,fair_w12_d8,1000,1,0.75,submitted
2026-08-16T14:29:39,2,braket_rigetti,fair_w12_d16,1000,1,0.75,submitted
2026-08-16T14:29:57,2,braket_rigetti,fair_w12_d32,1000,1,0.75,submitted
2026-08-16T14:30:17,2,braket_rigetti,ghz_w8,1000,1,0.75,submitted
2026-08-16T14:30:37,2,braket_rigetti,fair_w3_d8,1000,2,0.75,submitted
2026-08-16T14:30:40,2,braket_rigetti,fair_w3_d16,1000,2,0.75,submitted
2026-08-16T14:30:57,2,braket_rigetti,fair_w3_d32,1000,2,0.75,submitted
2026-08-16T14:30:59,2,braket_rigetti,fair_w8_d8,1000,2,0.75,submitted
2026-08-16T14:31:18,2,braket_rigetti,fair_w8_d16,1000,2,0.75,submitted
2026-08-16T14:31:38,2,braket_rigetti,fair_w8_d32,1000,2,0.75,submitted
2026-08-16T14:31:42,2,braket_rigetti,fair_w12_d8,1000,2,0.75,submitted
2026-08-16T14:31:59,2,braket_rigetti,fair_w12_d16,1000,2,0.75,submitted
2026-08-16T14:32:03,2,braket_rigetti,fair_w12_d32,1000,2,0.75,submitted
2026-08-16T14:32:20,2,braket_rigetti,ghz_w8,1000,2,0.75,submitted
2026-08-16T14:32:25,1,ibm,ghz_w8,1000,2,0.0,submitted
2026-08-16T14:44:00,4,azure_ionq,fair_w3_d8,1000,1,121.08,billing_correction_actual_168.36
2026-08-16T14:40:24,1,ibm,fair_w3_d8,1000,1,0.0,submitted
2026-08-16T14:42:57,2,braket_rigetti,fair_w3_d8,1000,1,0.75,submitted
2026-08-16T14:43:04,2,braket_rigetti,fair_w3_d16,1000,1,0.75,submitted
2026-08-16T14:43:07,2,braket_rigetti,fair_w3_d32,1000,1,0.75,submitted
2026-08-16T14:43:12,2,braket_rigetti,fair_w8_d8,1000,1,0.75,submitted
2026-08-16T14:43:16,2,braket_rigetti,fair_w8_d16,1000,1,0.75,submitted
2026-08-16T14:43:21,2,braket_rigetti,fair_w8_d32,1000,1,0.75,submitted
2026-08-16T14:43:25,1,ibm,fair_w3_d16,1000,1,0.0,submitted
2026-08-16T14:43:27,2,braket_rigetti,fair_w12_d8,1000,1,0.75,submitted
2026-08-16T14:43:32,2,braket_rigetti,fair_w12_d16,1000,1,0.75,submitted
2026-08-16T14:43:37,2,braket_rigetti,fair_w12_d32,1000,1,0.75,submitted
2026-08-16T14:43:45,2,braket_rigetti,ghz_w8,1000,1,0.75,submitted
2026-08-16T14:57:53,1,ibm,fair_w3_d32,1000,1,0.0,submitted
2026-08-16T14:58:34,1,ibm,fair_w8_d8,1000,1,0.0,submitted
2026-08-16T15:11:22,1,ibm,fair_w8_d16,1000,1,0.0,submitted
2026-08-17T12:25:43,1,ibm,fair_w8_d32,4000,1,0.0,submitted
2026-08-17T12:25:51,1,ibm,fair_w12_d8,1000,1,0.0,submitted
2026-08-17T12:25:57,1,ibm,fair_w12_d16,1000,1,0.0,submitted
2026-08-17T12:26:03,1,ibm,fair_w12_d32,4000,1,0.0,submitted
2026-08-17T12:26:10,1,ibm,ghz_w3,1000,1,0.0,submitted
2026-08-17T12:26:17,1,ibm,ghz_w8,1000,1,0.0,submitted
2026-08-17T12:26:23,1,ibm,ghz_w12,1000,1,0.0,submitted
2026-08-17T12:26:30,1,ibm,fair_w3_d8,1000,2,0.0,submitted
2026-08-17T12:26:36,1,ibm,fair_w3_d16,1000,2,0.0,submitted
2026-08-17T12:27:49,1,ibm,fair_w3_d32,1000,2,0.0,submitted
2026-08-17T12:31:06,1,ibm,fair_w8_d8,1000,2,0.0,submitted
2026-08-17T12:33:28,1,ibm,fair_w8_d16,1000,2,0.0,submitted
2026-08-17T12:34:02,1,ibm,fair_w8_d32,4000,2,0.0,submitted
2026-08-17T12:35:10,1,ibm,fair_w12_d8,1000,2,0.0,submitted
2026-08-17T12:35:16,1,ibm,fair_w12_d16,1000,2,0.0,submitted
2026-08-17T12:36:14,1,ibm,fair_w12_d32,4000,2,0.0,submitted
2026-08-17T12:36:23,1,ibm,ghz_w3,1000,2,0.0,submitted
2026-08-17T12:36:28,1,ibm,ghz_w8,1000,2,0.0,submitted
2026-08-17T12:36:35,1,ibm,ghz_w12,1000,2,0.0,submitted
2026-08-17T12:46:53,3,braket_iqm_garnet,fair_w8_d8,1000,1,1.8333,submitted
2026-08-17T12:46:54,2,braket_rigetti,fair_w3_d8,1000,2,0.75,submitted
2026-08-17T12:46:58,3,braket_iqm_garnet,fair_w8_d16,1000,1,1.8333,submitted
2026-08-17T12:47:02,2,braket_rigetti,fair_w3_d16,1000,2,0.75,submitted
2026-08-17T12:47:03,3,braket_iqm_garnet,fair_w8_d32,1000,1,1.8333,submitted
2026-08-17T12:47:05,2,braket_rigetti,fair_w3_d32,1000,2,0.75,submitted
2026-08-17T12:47:06,3,braket_iqm_garnet,fair_w8_d8,1000,2,1.8333,submitted
2026-08-17T12:47:10,2,braket_rigetti,fair_w8_d8,1000,2,0.75,submitted
2026-08-17T12:47:10,3,braket_iqm_garnet,fair_w8_d16,1000,2,1.8333,submitted
2026-08-17T12:47:14,2,braket_rigetti,fair_w8_d16,1000,2,0.75,submitted
2026-08-17T12:47:14,3,braket_iqm_garnet,fair_w8_d32,1000,2,1.8333,submitted
2026-08-17T12:47:18,2,braket_rigetti,fair_w8_d32,1000,2,0.75,submitted
2026-08-17T12:47:24,2,braket_rigetti,fair_w12_d8,1000,2,0.75,submitted
2026-08-17T12:47:28,2,braket_rigetti,fair_w12_d16,1000,2,0.75,submitted
2026-08-17T12:47:34,2,braket_rigetti,fair_w12_d32,1000,2,0.75,submitted
2026-08-17T12:47:42,2,braket_rigetti,ghz_w8,1000,2,0.75,submitted
2026-08-17T13:18:00,4,azure_ionq,ALL_TO_DATE,0,0,-168.36,credits_covered_adjustment
2026-08-17T13:18:00,3,braket_iqm_garnet,cancelled_task_87521d6b,0,0,-1.83,cancelled_unbilled_adjustment
2026-08-17T13:18:00,0,braket_all,ALL_TO_DATE,0,0,-41.00,credits_covered_adjustment
2026-08-17T13:22:32,5,braket_ionq_forte,fair_w8_d16,580,1,46.7,submitted
2026-08-17T13:22:47,6,azure_ionq,fair_w3_d8,50,1,12.42,submitted
2026-08-17T13:24:00,5,braket_ionq_forte,fair_w8_d16_submit_rejected,0,0,-46.70,submit_failed_adjustment
2026-08-17T13:30:00,6,azure_ionq,fair_w3_d8_QIR_barrier_reject,0,0,-12.42,submit_failed_adjustment
2026-08-17T13:24:25,5,braket_ionq_forte,fair_w8_d16,580,1,46.7,submitted
2026-08-17T13:33:00,5,braket_ionq_forte,fair_w8_d16_submit_rejected_retry,0,0,-46.70,submit_failed_adjustment
2026-08-17T13:24:41,6,azure_ionq,fair_w3_d8,50,1,12.42,submitted
2026-08-17T13:29:25,5,braket_ionq_forte,fair_w8_d16,580,1,46.7,submitted
2026-08-17T13:36:56,5,braket_ionq_forte,fair_w8_d32,580,1,46.7,submitted
2026-08-17T14:05:00,6,azure_ionq,fair_w3_d8_floor_billed_25.81,50,1,13.39,billing_correction_actual_25.81
2026-08-17T14:05:00,6,azure_ionq,fair_w3_d8_credits,0,0,-25.81,credits_covered_adjustment
2026-08-17T14:05:00,5,braket_ionq_forte,phase5_credits_expected,0,0,-93.40,credits_covered_adjustment
